{
  "project_info": {
    "project_number": "200103305794",
    "project_id": "chatting-3970b",
    "storage_bucket": "chatting-3970b.appspot.com"
  },
  "client": [
    {
      "client_info": {
        "mobilesdk_app_id": "1:200103305794:android:93d8b7e9e8e2258c0a03db",
        "android_client_info": {
          "package_name": "com.example.chatting"
        }
      },
      "oauth_client": [],
      "api_key": [
        {
          "current_key": "AIzaSyBOB-dT4mNvroWE30rs-f2IlnIscd6M390"
        }
      ],
      "services": {
        "appinvite_service": {
          "other_platform_oauth_client": []
        }
      }
    }
  ],
  "configuration_version": "1"
}